Workbook
Name Link1: #REF!
Name Link2: Analysis1!$F$5
Name Link2: #REF!
Name LinkOut: Outputs!$F$5

Sheet Cover sheet
F10: Project
F11: File | G11: =MID(CELL("filename",A1),FIND("[",CELL("filename",A1))+1,FIND("]", CELL("filename",A1))-FIND("[",CELL("filename",A1))-1) -> Template for dentist survey output.xlsx
F12: File path | G12: {=IFERROR(RIGHT(CELL("filename"),(LEN(CELL("filename"))-FIND("sites/",CELL("filename")))-5),"Waiting for file to save online")} -> ADT001ArdentisVCDD/Shared Documents/ADT001 Ardentis VCDD/Survey/Dentists survey/[Template for dentist survey output.xlsx]Template for responses
F13: Date created | G13: [Date created]
F14: Created by | G14: [Author's name]
F15: Date updated | G15: [Date updated]
F16: Updated by | G16: [Updated by]
F17: Model description

Sheet Outputs
E3: Project | F3: ='Cover sheet'!G10 -> 0 | H3: Healthcheck | I3: =IF(COUNTIF(12:9756,"FALSE")=0,TRUE,FALSE) -> TRUE | K3: Candesic colours (with RGB codes in the box)
E4: File | F4: ='Cover sheet'!G11 -> Template for dentist survey output.xlsx | K4: 30 69 118 | L4: 179 232 221
E5: File path | F5: {=IFERROR(RIGHT(CELL("filename"),(LEN(CELL("filename"))-FIND("sites/",CELL("filename")))-5),"Waiting for file to save online")} -> ADT001ArdentisVCDD/Shared Documents/ADT001 Ardentis VCDD/Survey/Dentists survey/[Template for dentist survey output.xlsx]Template for responses | K5: 0 144 188 | L5: 238 238 238
E6: Sheet Name | F6: =RIGHT(CELL("filename",D9),LEN(CELL("filename",D9))-FIND("]",CELL("filename",D9))) -> Outputs | H6: Cell font guidelines | K6: 0 183 208 | L6: 217 217 217
E7: Date created | F7: ='Cover sheet'!G13 -> [Date created] | H7: Blue - input data | K7: 55 190 170 | L7: 127 127 127
E8: Created by | F8: ='Cover sheet'!G14 -> [Author's name] | H8: Black - calculations | K8: 115 215 200
E9: Date updated | F9: ='Cover sheet'!G15 -> [Date updated] | H9: Green - linked data
E10: Updated by | F10: ='Cover sheet'!G16 -> [Updated by]
B12: Title 1
C14: Title 2
D16: Title 3
E18: Title 4
H19: Historical >> | M19: Forecast >>
H20: 2020 | I20: =H20+1 -> 2021 | J20: =I20+1 -> 2022 | K20: =J20+1 -> 2023 | L20: =K20+1 -> 2024 | M20: =L20+1 -> 2025 | N20: =M20+1 -> 2026 | O20: =N20+1 -> 2027 | P20: =O20+1 -> 2028 | Q20: =P20+1 -> 2029
F21: Data name here | G21: [Units] | [Data source]
F22: Data name here | G22: [Units] | [Data source]
F23: Data name here | G23: [Units] | [Data source]
F24: Data name here | G24: [Units] | [Data source]
A28: End | B28: End | C28: End | D28: End | E28: End | F28: End | G28: End | H28: End | I28: End | J28: End | K28: End | L28: End | M28: End | N28: End | O28: End | P28: End | Q28: End | R28: End | S28: End | T28: End | U28: End | V28: End

Sheet Analysis1
E3: Project | F3: ='Cover sheet'!G10 -> 0 | H3: Healthcheck | I3: =IF(COUNTIF(12:9756,"FALSE")=0,TRUE,FALSE) -> TRUE | K3: Candesic colours (with RGB codes in the box)
E4: File | F4: ='Cover sheet'!G11 -> Template for dentist survey output.xlsx | K4: 30 69 118 | L4: 179 232 221
E5: File path | F5: {=IFERROR(RIGHT(CELL("filename"),(LEN(CELL("filename"))-FIND("sites/",CELL("filename")))-5),"Waiting for file to save online")} -> ADT001ArdentisVCDD/Shared Documents/ADT001 Ardentis VCDD/Survey/Dentists survey/[Template for dentist survey output.xlsx]Template for responses | K5: 0 144 188 | L5: 238 238 238
E6: Sheet Name | F6: =RIGHT(CELL("filename",D9),LEN(CELL("filename",D9))-FIND("]",CELL("filename",D9))) -> Analysis1 | H6: Cell font guidelines | K6: 0 183 208 | L6: 217 217 217
E7: Date created | F7: ='Cover sheet'!G13 -> [Date created] | H7: Blue - input data | K7: 55 190 170 | L7: 127 127 127
E8: Created by | F8: ='Cover sheet'!G14 -> [Author's name] | H8: Black - calculations | K8: 115 215 200
E9: Date updated | F9: ='Cover sheet'!G15 -> [Date updated] | H9: Green - linked data
E10: Updated by | F10: ='Cover sheet'!G16 -> [Updated by]
B12: Title 1
C14: Title 2
D16: Title 3
E18: Title 4
H19: Historical >> | M19: Forecast >>
H20: 2020 | I20: =H20+1 -> 2021 | J20: =I20+1 -> 2022 | K20: =J20+1 -> 2023 | L20: =K20+1 -> 2024 | M20: =L20+1 -> 2025 | N20: =M20+1 -> 2026 | O20: =N20+1 -> 2027 | P20: =O20+1 -> 2028 | Q20: =P20+1 -> 2029
F21: Data name here | G21: [Units] | [Data source]
F22: Data name here | G22: [Units] | [Data source]
F23: Data name here | G23: [Units] | [Data source]
F24: Data name here | G24: [Units] | [Data source]
A28: End | B28: End | C28: End | D28: End | E28: End | F28: End | G28: End | H28: End | I28: End | J28: End | K28: End | L28: End | M28: End | N28: End | O28: End | P28: End | Q28: End | R28: End | S28: End | T28: End | U28: End | V28: End

Sheet Data >>
E3: =MID(CELL("filename",A1),FIND("]",CELL("filename",A1))+1,255) -> Data >>

Sheet Template for responses
A1: Respondent | B1: Q1:Current work type | C1: Q2:Year started practicing | D1: Q3_1: Cabinet individuel indépendant - associé / fondateur | E1: Q3_2: Cabinet de groupe indépendant (plusieurs praticiens) - associé / fondateur | F1: Q3_3: Salarié(e) dans un cabinet privé | G1: Q3_4: Salarié(e) dans un centre ou groupe dentaire | H1: Q3_6: C'est ma première expérience professionnelle | I1: Q4: Time spent at current place | J1: Q5: Score for soutien admin | K1: Q6: Score for development professional | L1: Q7: Score for formation continue | M1: Q8: Score for access technologie | N1: Q9: Score for qualite clinique | O1: Q10: Score for Presence confreres | P1: Q11: Score for satisfaction patients | Q1: Q12: Score for equilibre vie pro/perso | R1: Q13: Score for satisfcation global | S1: Q14 (when none group): Would you work for global | T1: Q15_1(when none group): Perceived advantage_Soutien administratif | U1: Q15_2(when none group): Perceived advantage_Accès à des technologies avancées | V1: Q15_3(when none group): Perceived advantage_Collaboration avec des confrères | W1: Q15_4(when none group): Perceived advantage_Formation continue facilitée | X1: Q15_5(when none group): Perceived advantage_Meilleur équilibre vie pro/perso | Y1: Q15_6(when none group): Perceived advantage_Sécurité financière | Z1: Q15_7(when none group): Perceived advantage_Je ne perçois pas d'avantages | AA1: Q16_1(when none group): Perceived disadvantage_Perte d'autonomie clinique | AB1: Q16_2(when none group): Perceived disadvantage_Pression sur la productivité | AC1: Q16_3(when none group): Perceived disadvantage_Rémunération moins avantageuse | AD1: Q16_4(when none group): Perceived disadvantage_Moins de relation personnelle avec les patients | AE1: Q16_5(when none group): Perceived disadvantage_Standardisation des pratiques | AF1: Q16_6(when none group): Perceived disadvantage_Je n'ai pas de réticences | AG1: Q17_1: High level of activity in Soins préventifs | AH1: Q17_2: High level of activity in Soins d'hygiène de base | AI1: Q17_3: High level of activity in Prothèses fixes et amovibles | AJ1: Q17_4: High level of activity in Implants | AK1: Q17_5: High level of activity in Orthodontie et soins esthétiques | AL1: Q18_1: % activity in Soins préventifs | AM1: Q18_2: % activity in Soins d'hygiène de base | AN1: Q18_3: % activity in Prothèses fixes et amovibles | AO1: Q18_4: % activity in Implants | AP1: Q18_5: % activity in Orthodontie et soins esthétiques | AQ1: Q19_1: High level of activity in Soins préventifs (N5Y) | AR1: Q19_2: High level of activity in Soins d'hygiène de base (N5Y) | AS1: Q19_3: High level of activity in Prothèses fixes et amovibles (N5Y) | AT1: Q19_3: High level of activity in Implants (N5Y) | AU1: Q19_5: High level of activity in Orthodontie et soins esthétiques (N5Y) | AV1: Q20_1: % activity in Soins préventifs (N5Y) | AW1: Q20_2: % activity in Soins d'hygiène de base (N5Y) | AX1: Q20_3: % activity in Prothèses fixes et amovibles (N5Y) | AY1: Q20_4: % activity in Implants (N5Y) | AZ1: Q20_5: % activity in Orthodontie et soins esthétiques (N5Y) | BA1: Q21 (For groups): Name of your current group | BB1: Q22: Can we contact you | BC1: Q23: Email
A2: #1 | B2: Groupe dentaire (centre ou réseau de cabinets) | C2: 2000 | D2: 1 | E2: 0 | F2: 1 | G2: 0 | H2: 0 | I2: 3 | J2: 5 | K2: 10 | L2: 5 | M2: 10 | N2: 5 | O2: 10 | P2: 5 | Q2: 10 | R2: 10 | S2: n/a | T2: n/a | U2: n/a | V2: n/a | W2: n/a | X2: n/a | Y2: n/a | Z2: n/a | AA2: n/a | AB2: n/a | AC2: n/a | AD2: n/a | AE2: n/a | AF2: n/a | AG2: 1 | AH2: 1 | AI2: 1 | AJ2: 1 | AK2: 1 | AL2: 10 | AM2: 10 | AN2: 20 | AO2: 60 | AP2: 0 | AQ2: 1 | AR2: 1 | AS2: 1 | AT2: 1 | AU2: 1 | AV2: 10 | AW2: 10 | AX2: 20 | AY2: 60 | AZ2: 0 | BA2: Ardentis | BB2: Yes | BC2: -
A3: #2 | B3: Cabinet individuel indépendant | C3: 1999 | D3: 0 | E3: 1 | F3: 0 | G3: 1 | H3: 1 | I3: 4 | J3: 6 | K3: 7 | L3: 6 | M3: 7 | N3: 6 | O3: 7 | P3: 6 | Q3: 7 | R3: 7 | S3: Oui, peut-être | T3: 0 | U3: 1 | V3: 1 | W3: 1 | X3: 1 | Y3: 0 | Z3: 1 | AG3: 1 | AH3: 0 | AI3: 1 | AJ3: 0 | AK3: 1 | AL3: 10 | AM3: 10 | AN3: 20 | AO3: 60 | AP3: 0 | AQ3: 1 | AR3: 0 | AS3: 1 | AT3: 1 | AU3: 1 | AV3: 10 | AW3: 10 | AX3: 20 | AY3: 60 | AZ3: 0 | BA3: n/a | BB3: No | BC3: -
A4: #3 | B4: Cabinet de groupe indépendant (plusieurs praticiens) | C4: 1998 | D4: 0 | E4: 1 | F4: 0 | G4: 1 | H4: 1 | I4: 5 | J4: 7 | K4: 8 | L4: 7 | M4: 8 | N4: 7 | O4: 8 | P4: 7 | Q4: 8 | R4: 8 | S4: Non, probablement pas | T4: 0 | U4: 1 | V4: 1 | W4: 1 | X4: 1 | Y4: 0 | Z4: 1 | AG4: 1 | AH4: 1 | AI4: 1 | AJ4: 1 | AK4: 1 | AL4: 10 | AM4: 10 | AN4: 20 | AO4: 60 | AP4: 0 | AQ4: 1 | AR4: 1 | AS4: 1 | AT4: 1 | AU4: 1 | AV4: 10 | AW4: 10 | AX4: 20 | AY4: 60 | AZ4: 0 | BA4: n/a | BB4: No | BC4: -
A5: #4 | B5: Cabinet individuel indépendant | C5: 1998 | D5: 0 | E5: 1 | F5: 0 | G5: 1 | H5: 1 | I5: 5 | J5: 8 | K5: 9 | L5: 8 | M5: 9 | N5: 8 | O5: 9 | P5: 8 | Q5: 9 | R5: 9 | S5: Non, probablement pas | T5: 0 | U5: 1 | V5: 1 | W5: 1 | X5: 1 | Y5: 0 | Z5: 1 | AG5: 1 | AH5: 0 | AI5: 1 | AJ5: 0 | AK5: 1 | AL5: 10 | AM5: 10 | AN5: 20 | AO5: 60 | AP5: 0 | AQ5: 1 | AR5: 0 | AS5: 1 | AT5: 1 | AU5: 1 | AV5: 10 | AW5: 10 | AX5: 20 | AY5: 60 | AZ5: 0 | BA5: n/a | BB5: No | BC5: -
S6: Non, probablement pas | T6: 0 | U6: 1 | V6: 1 | W6: 1 | X6: 1 | Y6: 0 | Z6: 1
